{"Accels": [1.0129467375649526, 1.0107102747756265, 0.9908889923096671], "AccelBias": [0.2364052618514057, 0.0925546823021528, 0.850233064167152], "GyroBias": [0.06740563571828256, -0.03361626380300361, 0.015316073133774913], "Mags": [1.0, 1.0, 1.0], "MagBias": [-12.360170686552927, -48.532598229097566, -8.88652506424141], "Magtransform": [[0.8401094622002386, 0.23403082396108507, -0.09899437604830112], [0.23403082396108504, 1.0411497321711942, -0.021418963539947166], [-0.0989943760483011, -0.021418963539947093, 1.231350945355617]]}